#,Country,TotalCases,NewCases,TotalDeaths,NewDeaths,TotalRecovered,NewRecovered,ActiveCases,Serious_Critical,TotCasesper1Mpop,Deathsper1Mpop,TotalTests,Testsper1Mpop,Population,Continent,1 Caseevery X ppl,1 Deathevery X ppl,1 Testevery X ppl,New Cases/1M pop,New Deaths/1M pop,Active Cases/1M pop
,North America,40032365,3868.0,903946.0,301.0,33056722,"+2,391",6071697,12721.0,,,,,,North America,"
",,,,,
,Asia,52767185,9072.0,718351.0,153.0,49567919,"+18,557",2480915,28165.0,,,,,,Asia,"
",,,,,
,South America,29920354,2981.0,924718.0,95.0,27096855,"+2,369",1898781,30721.0,,,,,,South America,"
",,,,,
,Europe,46969659,904.0,1081235.0,10.0,44186060,"+10,946",1702364,11745.0,,,,,,Europe,"
",,,,,
,Africa,4991358,,133382.0,,4492103,,365873,2403.0,,,,,,Africa,"
",,,,,
,Oceania,69656,10.0,1254.0,,67010,2,1392,11.0,,,,,,Australia/Oceania,"
",,,,,
,World,174751298,16835.0,3762901.0,559.0,158467375,"+34,265",12521022,85766.0,22419.0,482.7,,,,All,"
",,,,,
1,USA,34242866,,613052.0,,28220863,,5408951,5134.0,102888.0,1842.0,490322734.0,1473246.0,"332,817,890 ",North America,10,543,1,,,"16,252"
2,India,29089069,893.0,353557.0,,27504126,"+7,928",1231386,8944.0,20887.0,254.0,370193563.0,265814.0,"1,392,679,330 ",Asia,48,"3,939",4,0.6,,884
3,Brazil,17038260,,477307.0,,15494071,,1066882,8318.0,79628.0,2231.0,50028915.0,233811.0,"213,972,024 ",South America,13,448,4,,,"4,986"
4,France,5719937,,110137.0,,5442999,,166801,2394.0,87449.0,1684.0,87573848.0,1338871.0,"65,408,715 ",Europe,11,594,1,,,"2,550"
5,Turkey,5300236,,48341.0,,5173186,,78709,1044.0,62219.0,567.0,55899143.0,656196.0,"85,186,661 ",Asia,16,"1,762",2,,,924
6,Russia,5145843,,124496.0,,4752085,,269262,2300.0,35247.0,853.0,140800000.0,964429.0,"145,993,063 ",Europe,28,"1,173",1,,,"1,844"
7,UK,4528442,,127854.0,,4279393,,121195,148.0,66380.0,1874.0,190228925.0,2788480.0,"68,219,567 ",Europe,15,534,0,,,"1,777"
8,Italy,4235592,,126690.0,,3927176,,181726,688.0,70151.0,2098.0,67632991.0,1120150.0,"60,378,530 ",Europe,14,477,1,,,"3,010"
9,Argentina,4008771,,82667.0,,3585811,,340293,7794.0,87944.0,1814.0,14752240.0,323633.0,"45,583,285 ",South America,11,551,3,,,"7,465"
10,Germany,3712595,,90084.0,,3557600,"+7,700",64911,1796.0,44179.0,1072.0,61380686.0,730421.0,"84,034,659 ",Europe,23,933,1,,,772
11,Spain,3711027,,80309.0,,3496577,,134141,1088.0,79343.0,1717.0,51240666.0,1095548.0,"46,771,738 ",Europe,13,582,1,,,"2,868"
12,Colombia,3611602,,92923.0,,3365050,,153629,6582.0,70279.0,1808.0,17690117.0,344236.0,"51,389,430 ",South America,14,553,3,,,"2,990"
13,Iran,2980116,,81362.0,,2578263,,320491,3620.0,35062.0,957.0,20812819.0,244867.0,"84,996,425 ",Asia,29,"1,045",4,,,"3,771"
14,Poland,2875729,,74255.0,,2646340,,155134,412.0,76062.0,1964.0,16356648.0,432627.0,"37,807,779 ",Europe,13,509,2,,,"4,103"
15,Mexico,2438011,3449.0,229100.0,262.0,1944267,"+2,354",264644,4798.0,18725.0,1760.0,7152174.0,54933.0,"130,198,003 ",North America,53,568,18,26,2,"2,033"
16,Ukraine,2216654,,51333.0,,2101722,,63599,177.0,50972.0,1180.0,10380233.0,238695.0,"43,487,345 ",Europe,20,847,4,,,"1,462"
17,Peru,1987933,,187157.0,,0,N/A,0,2629.0,59518.0,5603.0,13230098.0,396106.0,"33,400,425 ",South America,17,178,3,,,"2,399"
18,Indonesia,1869325,,51992.0,,1717370,,99963,,6767.0,188.0,17422551.0,63074.0,"276,225,079 ",Asia,148,"5,313",16,,,362
19,South Africa,1704058,,57183.0,,1587015,,59860,546.0,28398.0,953.0,11932018.0,198845.0,"60,006,700 ",Africa,35,"1,049",5,,,998
20,Netherlands,1665846,,17695.0,,1542327,,105824,327.0,97019.0,1031.0,14248931.0,829856.0,"17,170,362 ",Europe,10,970,1,,,"6,163"
21,Czechia,1663998,,30193.0,,1627106,,6699,43.0,155114.0,2815.0,25953333.0,2419309.0,"10,727,580 ",Europe,6,355,0,,,624
22,Chile,1440417,,30104.0,,1362431,,47882,3265.0,74751.0,1562.0,15333809.0,795753.0,"19,269,550 ",South America,13,640,1,,,"2,485"
23,Canada,1395410,,25791.0,,1348080,,21539,873.0,36672.0,678.0,35364353.0,929384.0,"38,051,389 ",North America,27,"1,475",1,,,566
24,Philippines,1280773,,22064.0,,1202257,,56452,1704.0,11545.0,199.0,13752347.0,123960.0,"110,942,243 ",Asia,87,"5,028",8,,,509
25,Iraq,1233240,,16589.0,,1151515,,65136,406.0,30033.0,404.0,10762364.0,262097.0,"41,062,477 ",Asia,33,"2,475",4,,,"1,586"
26,Sweden,1080733,,14508.0,,1004543,,61682,137.0,106391.0,1428.0,10239089.0,1007968.0,"10,158,153 ",Europe,9,700,1,,,"6,072"
27,Romania,1079154,,31155.0,,1043371,,4628,295.0,56449.0,1630.0,9259872.0,484371.0,"19,117,316 ",Europe,18,614,2,,,242
28,Belgium,1072175,904.0,25051.0,10.0,989310,"+3,342",57814,336.0,92136.0,2153.0,14319318.0,1230519.0,"11,636,813 ",Europe,11,465,1,78,0.9,"4,968"
29,Pakistan,936131,1118.0,21453.0,77.0,869691,"+2,244",44987,3024.0,4163.0,95.0,13663666.0,60758.0,"224,887,770 ",Asia,240,"10,483",16,5,0.3,200
30,Portugal,853632,,17037.0,,812964,,23631,66.0,83946.0,1675.0,12089787.0,1188905.0,"10,168,845 ",Europe,12,597,1,,,"2,324"
31,Israel,839585,,6418.0,,832981,,186,34.0,90026.0,688.0,14739061.0,1580427.0,"9,326,000 ",Asia,11,"1,453",1,,,20
32,Bangladesh,815282,,12913.0,,755302,,47067,1211.0,4905.0,78.0,6086207.0,36615.0,"166,222,130 ",Asia,204,"12,872",27,,,283
33,Hungary,806206,,29883.0,,718577,,57746,63.0,83654.0,3101.0,5922744.0,614561.0,"9,637,363 ",Europe,12,323,2,,,"5,992"
34,Japan,763891,,13645.0,,710216,,40030,1099.0,6057.0,108.0,15042894.0,119281.0,"126,113,578 ",Asia,165,"9,242",8,,,317
35,Jordan,741101,,9549.0,,722807,,8745,540.0,71967.0,927.0,7450944.0,723550.0,"10,297,758 ",Asia,14,"1,078",1,,,849
36,Serbia,714054,,6930.0,,701954,,5170,24.0,82034.0,796.0,4230788.0,486053.0,"8,704,378 ",Europe,12,"1,256",2,,,594
37,Switzerland,698798,,10844.0,,659808,,28146,100.0,80194.0,1244.0,7875323.0,903777.0,"8,713,791 ",Europe,12,804,1,,,"3,230"
38,Austria,647322,,10647.0,,631869,,4806,131.0,71492.0,1176.0,45983005.0,5078493.0,"9,054,459 ",Europe,14,850,0,,,531
39,Malaysia,627652,,3536.0,,541319,,82797,903.0,19163.0,108.0,12829297.0,391698.0,"32,753,067 ",Asia,52,"9,263",3,,,"2,528"
40,Nepal,595364,,8098.0,,504530,,82736,,20097.0,273.0,3167129.0,106907.0,"29,625,195 ",Asia,50,"3,658",9,,,"2,793"
41,UAE,587244,,1704.0,,566677,,18863,,58713.0,170.0,52132968.0,5212273.0,"10,001,965 ",Asia,17,"5,870",0,,,"1,886"
42,Lebanon,541801,,7774.0,,525065,,8962,92.0,79714.0,1144.0,4529700.0,666447.0,"6,796,789 ",Asia,13,874,2,,,"1,319"
43,Morocco,522003,,9187.0,,509660,,3156,98.0,13988.0,246.0,6582838.0,176394.0,"37,319,033 ",Africa,71,"4,062",6,,,85
44,Saudi Arabia,459968,,7488.0,,442782,,9698,1580.0,13023.0,212.0,19929037.0,564250.0,"35,319,520 ",Asia,77,"4,717",2,,,275
45,Ecuador,432985,,20831.0,,398645,,13509,488.0,24199.0,1164.0,1448724.0,80966.0,"17,892,942 ",South America,41,859,12,,,755
46,Bulgaria,419859,,17860.0,,387416,,14583,267.0,60855.0,2589.0,2933101.0,425126.0,"6,899,373 ",Europe,16,386,2,,,"2,114"
47,Greece,411534,,12331.0,,384669,,14534,381.0,39665.0,1188.0,9868380.0,951140.0,"10,375,317 ",Europe,25,841,1,,,"1,401"
48,Belarus,401019,,2929.0,,393237,,4853,,42452.0,310.0,6447553.0,682540.0,"9,446,412 ",Europe,24,"3,225",1,,,514
49,Kazakhstan,396832,1000.0,4111.0,15.0,370871,"+1,847",21850,221.0,20901.0,217.0,11575012.0,609648.0,"18,986,397 ",Asia,48,"4,618",2,53,0.8,"1,151"
50,Bolivia,392975,2981.0,15177.0,95.0,311340,"+2,369",66458,200.0,33242.0,1284.0,1577440.0,133437.0,"11,821,609 ",South America,30,779,7,252,8,"5,622"
51,Slovakia,390546,,12423.0,,376563,,1560,55.0,71501.0,2274.0,2869093.0,525271.0,"5,462,119 ",Europe,14,440,2,,,286
52,Panama,383733,,6408.0,,369273,,8052,105.0,87648.0,1464.0,2739532.0,625734.0,"4,378,110 ",North America,11,683,2,,,"1,839"
53,Paraguay,379131,,10145.0,,311605,,57381,571.0,52552.0,1406.0,1367636.0,189572.0,"7,214,329 ",South America,19,711,5,,,"7,954"
54,Tunisia,358183,,13126.0,,314730,,30327,424.0,30013.0,1100.0,1525714.0,127845.0,"11,934,128 ",Africa,33,909,8,,,"2,541"
55,Croatia,357786,,8096.0,,348469,,1221,51.0,87660.0,1984.0,2054032.0,503251.0,"4,081,523 ",Europe,11,504,2,,,299
56,Georgia,350428,,4951.0,,335029,,10448,,88003.0,1243.0,5187667.0,1302782.0,"3,981,992 ",Asia,11,804,1,,,"2,624"
57,Azerbaijan,334849,,4947.0,,327387,,2515,,32749.0,484.0,3581073.0,350242.0,"10,224,572 ",Asia,31,"2,067",3,,,246
58,Costa Rica,333820,,4251.0,,252688,,76881,520.0,64976.0,827.0,1291655.0,251413.0,"5,137,583 ",North America,15,"1,209",4,,,"14,964"
59,Uruguay,322978,,4749.0,,283397,,34832,501.0,92677.0,1363.0,2439191.0,699912.0,"3,484,996 ",South America,11,734,1,,,"9,995"
60,Kuwait,320257,,1801.0,,303637,,14819,156.0,73971.0,416.0,2694534.0,622368.0,"4,329,488 ",Asia,14,"2,404",2,,,"3,423"
61,Palestine,310544,,3520.0,,302357,,4667,18.0,59585.0,675.0,1848601.0,354699.0,"5,211,749 ",Asia,17,"1,481",3,,,895
62,Dominican Republic,302988,,3672.0,,247262,,52054,441.0,27671.0,335.0,1595359.0,145701.0,"10,949,530 ",North America,36,"2,982",7,,,"4,754"
63,Denmark,287325,,2520.0,,273241,,11564,19.0,49443.0,434.0,59508446.0,10240146.0,"5,811,289 ",Europe,20,"2,306",0,,,"1,990"
64,Lithuania,276759,,4317.0,,260873,,11569,118.0,103014.0,1607.0,3507748.0,1305643.0,"2,686,605 ",Europe,10,622,1,,,"4,306"
65,Ethiopia,273175,,4220.0,,247502,,21453,271.0,2323.0,36.0,2759855.0,23466.0,"117,611,756 ",Africa,431,"27,870",43,,,182
66,Egypt,269527,,15437.0,,197832,,56258,90.0,2588.0,148.0,2869589.0,27557.0,"104,132,670 ",Africa,386,"6,746",36,,,540
67,Ireland,265097,,4941.0,,247868,,12288,27.0,53133.0,990.0,4729538.0,947937.0,"4,989,294 ",Europe,19,"1,010",1,,,"2,463"
68,Guatemala,263836,,8331.0,,240961,,14544,5.0,14477.0,457.0,1464328.0,80350.0,"18,224,370 ",North America,69,"2,188",12,,,798
69,Slovenia,255652,,4391.0,,247703,,3558,51.0,122957.0,2112.0,1304349.0,627330.0,"2,079,206 ",Europe,8,474,2,,,"1,711"
70,Moldova,255541,,6141.0,,248145,,1255,51.0,63486.0,1526.0,1146953.0,284945.0,"4,025,177 ",Europe,16,655,4,,,312
71,Bahrain,253879,,1161.0,,233480,,19238,335.0,144545.0,661.0,4755524.0,2707539.0,"1,756,401 ",Asia,7,"1,513",0,,,"10,953"
72,Venezuela,245300,,2750.0,,225266,,17284,291.0,8649.0,97.0,3359014.0,118440.0,"28,360,430 ",South America,116,"10,313",8,,,609
73,Honduras,242796,419.0,6532.0,39.0,86418,37,149846,547.0,24155.0,650.0,738148.0,73437.0,"10,051,509 ",North America,41,"1,539",14,42,4,"14,908"
74,Oman,226648,,2434.0,,206026,,18188,303.0,43358.0,466.0,1550000.0,296516.0,"5,227,377 ",Asia,23,"2,148",3,,,"3,479"
75,Armenia,223285,,4463.0,,214609,,4213,,75220.0,1503.0,1108066.0,373284.0,"2,968,428 ",Asia,13,665,3,,,"1,419"
76,Qatar,218980,,570.0,,215899,,2511,96.0,77990.0,203.0,2056656.0,732478.0,"2,807,805 ",Asia,13,"4,926",1,,,894
77,Sri Lanka,210661,,1844.0,,178259,,30558,,9799.0,86.0,3557469.0,165485.0,"21,497,252 ",Asia,102,"11,658",6,,,"1,421"
78,Bosnia and Herzegovina,204455,,9460.0,,176703,,18292,,62684.0,2900.0,994645.0,304949.0,"3,261,679 ",Europe,16,345,3,,,"5,608"
79,Libya,187928,,3149.0,,173636,,11143,,27007.0,453.0,1052817.0,151300.0,"6,958,486 ",Africa,37,"2,210",7,,,"1,601"
80,Thailand,185228,2680.0,1332.0,35.0,136252,"+4,253",47644,1169.0,2647.0,19.0,8124896.0,116130.0,"69,963,918 ",Asia,378,"52,525",9,38,0.5,681
81,Kenya,173072,,3326.0,,118621,,51125,121.0,3154.0,61.0,1840889.0,33548.0,"54,873,715 ",Africa,317,"16,498",30,,,932
82,Nigeria,166918,,2117.0,,163259,,1542,11.0,791.0,10.0,2133061.0,10115.0,"210,890,832 ",Africa,"1,263","99,618",99,,,7
83,North Macedonia,155441,,5462.0,,149528,,451,25.0,74613.0,2622.0,818746.0,393005.0,"2,083,294 ",Europe,13,381,3,,,216
84,Cuba,151259,,1033.0,,144136,,6090,166.0,13362.0,91.0,4506965.0,398137.0,"11,320,140 ",North America,75,"10,959",3,,,538
85,S. Korea,145692,601.0,1977.0,2.0,136174,762,7541,146.0,2839.0,39.0,10044783.0,195765.0,"51,310,501 ",Asia,352,"25,954",5,12,0.04,147
86,Myanmar,144579,,3228.0,,132615,,8736,,2641.0,59.0,2635045.0,48128.0,"54,750,847 ",Asia,379,"16,961",21,,,160
87,Latvia,135144,,2423.0,,128751,,3970,53.0,72400.0,1298.0,2736977.0,1466275.0,"1,866,619 ",Europe,14,770,1,,,"2,127"
88,Albania,132397,,2452.0,,129736,,209,18.0,46053.0,853.0,744143.0,258846.0,"2,874,853 ",Europe,22,"1,172",4,,,73
89,Algeria,131647,,3537.0,,91651,,36459,25.0,2952.0,79.0,230861.0,5178.0,"44,588,971 ",Africa,339,"12,606",193,,,818
90,Estonia,130242,,1264.0,,124991,,3987,11.0,98120.0,952.0,1454703.0,1095929.0,"1,327,370 ",Europe,10,"1,050",1,,,"3,004"
91,Norway,127254,,784.0,,88952,,37518,10.0,23303.0,144.0,5847413.0,1070785.0,"5,460,865 ",Europe,43,"6,965",1,,,"6,870"
92,Kyrgyzstan,108173,459.0,1864.0,5.0,101364,331,4945,102.0,16329.0,281.0,1170746.0,176728.0,"6,624,554 ",Asia,61,"3,554",6,69,0.8,746
93,Uzbekistan,102362,199.0,701.0,2.0,98445,316,3216,23.0,3018.0,21.0,1377915.0,40620.0,"33,921,732 ",Asia,331,"48,390",25,6,0.06,95
94,Zambia,101996,,1321.0,,93992,,6683,282.0,5407.0,70.0,1629565.0,86393.0,"18,862,248 ",Africa,185,"14,279",12,,,354
95,Montenegro,99848,,1596.0,,97685,,567,60.0,158958.0,2541.0,423647.0,674447.0,"628,140 ",Europe,6,394,1,,,903
96,Ghana,94228,,787.0,,92362,,1079,6.0,2975.0,25.0,1188952.0,37534.0,"31,676,862 ",Africa,336,"40,250",27,,,34
97,Finland,93394,,959.0,,46000,,46435,11.0,16831.0,173.0,5149164.0,927982.0,"5,548,778 ",Europe,59,"5,786",1,,,"8,369"
98,Afghanistan,84050,,3305.0,,59569,,21176,1124.0,2115.0,83.0,506424.0,12742.0,"39,744,220 ",Asia,473,"12,025",78,,,533
99,Cameroon,79904,,1302.0,,74429,,4173,122.0,2942.0,48.0,1718937.0,63289.0,"27,160,335 ",Africa,340,"20,860",16,,,154
100,El Salvador,74983,,2279.0,,69867,,2837,27.0,11506.0,350.0,1013016.0,155446.0,"6,516,819 ",North America,87,"2,860",6,,,435
101,Cyprus,72919,,365.0,,70701,,1853,19.0,59987.0,300.0,7040289.0,5791731.0,"1,215,576 ",Asia,17,"3,330",0,,,"1,524"
102,Mozambique,71165,,839.0,,69687,,639,17.0,2219.0,26.0,561992.0,17525.0,"32,068,913 ",Africa,451,"38,223",57,,,20
103,Luxembourg,70291,,818.0,,68775,,698,2.0,110612.0,1287.0,2950815.0,4643487.0,"635,474 ",Europe,9,777,0,,,"1,098"
104,Mongolia,69022,1312.0,324.0,6.0,55157,444,13541,126.0,20743.0,97.0,3018338.0,907084.0,"3,327,518 ",Asia,48,"10,270",1,394,2,"4,069"
105,Maldives,68872,,189.0,,51213,,17470,90.0,125355.0,344.0,909592.0,1655559.0,"549,417 ",Asia,8,"2,907",1,,,"31,797"
106,Singapore,62219,,34.0,,61702,,483,2.0,10557.0,6.0,12366898.0,2098450.0,"5,893,349 ",Asia,95,"173,334",0,,,82
107,Namibia,59814,,936.0,,52646,,6232,57.0,23150.0,362.0,452640.0,175185.0,"2,583,787 ",Africa,43,"2,760",6,,,"2,412"
108,Botswana,58095,,885.0,,53887,,3323,1.0,24248.0,369.0,1193343.0,498088.0,"2,395,847 ",Africa,41,"2,707",2,,,"1,387"
109,Uganda,54669,,388.0,,47760,,6521,24.0,1161.0,8.0,1155114.0,24534.0,"47,081,417 ",Africa,861,"121,344",41,,,139
110,Jamaica,49031,,974.0,,26641,,21416,6.0,16491.0,328.0,396056.0,133206.0,"2,973,259 ",North America,61,"3,053",8,,,"7,203"
111,Ivory Coast,47511,,306.0,,47037,,168,,1761.0,11.0,654588.0,24257.0,"26,985,717 ",Africa,568,"88,189",41,,,6
112,Madagascar,41758,,871.0,,40095,,792,115.0,1473.0,31.0,205997.0,7265.0,"28,352,826 ",Africa,679,"32,552",138,,,28
113,Senegal,41725,,1150.0,,40323,,252,5.0,2432.0,67.0,530519.0,30927.0,"17,154,048 ",Africa,411,"14,917",32,,,15
114,Zimbabwe,39321,,1617.0,,36756,,948,1.0,2610.0,107.0,490702.0,32573.0,"15,064,772 ",Africa,383,"9,316",31,,,63
115,Cambodia,36240,729.0,289.0,11.0,29047,398,6904,,2140.0,17.0,1208237.0,71346.0,"16,934,872 ",Asia,467,"58,598",14,43,0.6,408
116,Sudan,36122,,2711.0,,29812,,3599,,806.0,61.0,232965.0,5200.0,"44,801,777 ",Africa,"1,240","16,526",192,,,80
117,Angola,36004,,803.0,,29368,,5833,10.0,1065.0,24.0,590309.0,17457.0,"33,815,079 ",Africa,939,"42,111",57,,,172
118,Malawi,34410,,1158.0,,32686,,566,7.0,1757.0,59.0,250393.0,12782.0,"19,589,489 ",Africa,569,"16,917",78,,,29
119,DRC,33577,,817.0,,27794,,4966,,365.0,9.0,164220.0,1783.0,"92,088,919 ",Africa,"2,743","112,716",561,,,54
120,Cabo Verde,31225,,269.0,,29908,,1048,23.0,55597.0,479.0,161272.0,287151.0,"561,627 ",Africa,18,"2,088",3,,,"1,866"
121,Malta,30572,,419.0,,30083,,70,,69067.0,947.0,943984.0,2132603.0,"442,644 ",Europe,14,"1,056",0,,,158
122,Australia,30210,6.0,910.0,,29156,,144,1.0,1172.0,35.0,19046031.0,738901.0,"25,776,144 ",Australia/Oceania,853,"28,325",1,0.2,,6
123,Rwanda,27434,,364.0,,26277,,793,7.0,2070.0,27.0,1478879.0,111607.0,"13,250,793 ",Africa,483,"36,403",9,,,60
124,Réunion,27235,,212.0,,25088,,1935,35.0,30218.0,235.0,102720.0,113971.0,"901,285 ",Africa,33,"4,251",9,,,"2,147"
125,Trinidad and Tobago,27079,,599.0,,16647,,9833,22.0,19291.0,427.0,203202.0,144759.0,"1,403,729 ",North America,52,"2,343",7,,,"7,005"
126,French Guiana,25093,,129.0,,9995,,14969,32.0,82036.0,422.0,263970.0,862988.0,"305,879 ",South America,12,"2,371",1,,,"48,938"
127,Syria,24700,,1799.0,,21646,,1255,,1380.0,101.0,103566.0,5787.0,"17,896,068 ",Asia,725,"9,948",173,,,70
128,Gabon,24651,,154.0,,23180,,1317,17.0,10838.0,68.0,827114.0,363632.0,"2,274,591 ",Africa,92,"14,770",3,,,579
129,Guinea,23312,,164.0,,21382,,1766,24.0,1731.0,12.0,455682.0,33845.0,"13,463,812 ",Africa,578,"82,096",30,,,131
130,Mayotte,20176,,173.0,,2964,,17039,6.0,72331.0,620.0,176919.0,634259.0,"278,938 ",Africa,14,"1,612",2,,,"61,085"
131,Mauritania,19895,,470.0,,18891,,534,16.0,4177.0,99.0,277813.0,58324.0,"4,763,258 ",Africa,239,"10,135",17,,,112
132,French Polynesia,18902,,142.0,,18736,,24,1.0,66927.0,503.0,26355.0,93316.0,"282,427 ",Australia/Oceania,15,"1,989",11,,,85
133,Eswatini,18680,,674.0,,17912,,94,10.0,15947.0,575.0,214423.0,183051.0,"1,171,384 ",Africa,63,"1,738",5,,,80
134,Guyana,17805,,416.0,,15628,,1761,17.0,22535.0,527.0,162866.0,206133.0,"790,102 ",South America,44,"1,899",5,,,"2,229"
135,Suriname,17041,,363.0,,12888,,3790,33.0,28808.0,614.0,67284.0,113743.0,"591,544 ",South America,35,"1,630",9,,,"6,407"
136,Guadeloupe,16530,,221.0,,2250,,14059,29.0,41306.0,552.0,201479.0,503461.0,"400,188 ",North America,24,"1,811",2,,,"35,131"
137,Papua New Guinea,16398,,164.0,,15711,,523,7.0,1801.0,18.0,117373.0,12891.0,"9,104,923 ",Australia/Oceania,555,"55,518",78,,,57
138,Haiti,15895,,333.0,,12557,,3005,,1378.0,29.0,77047.0,6681.0,"11,532,297 ",North America,726,"34,632",150,,,261
139,Somalia,14776,,773.0,,6985,,7018,,906.0,47.0,137373.0,8425.0,"16,305,153 ",Africa,"1,103","21,093",119,,,430
140,Mali,14324,,520.0,,9882,,3922,,689.0,25.0,302250.0,14536.0,"20,792,554 ",Africa,"1,452","39,986",69,,,189
141,Andorra,13781,,127.0,,13557,,97,3.0,178093.0,1641.0,193595.0,2501842.0,"77,381 ",Europe,6,609,0,,,"1,254"
142,Togo,13551,,125.0,,13265,,161,,1602.0,15.0,342031.0,40433.0,"8,459,238 ",Africa,624,"67,674",25,,,19
143,Burkina Faso,13454,,167.0,,13268,,19,,628.0,8.0,191065.0,8913.0,"21,435,852 ",Africa,"1,593","128,358",112,,,0.9
144,Tajikistan,13308,,90.0,,13218,,0,,1367.0,9.0,,,"9,737,006 ",Asia,732,"108,189",,,,
145,Belize,12909,,325.0,,12449,,135,2.0,31925.0,804.0,138784.0,343223.0,"404,355 ",North America,31,"1,244",3,,,334
146,Seychelles,12466,,46.0,,11336,,1084,,126026.0,465.0,21504.0,217397.0,"98,916 ",Africa,8,"2,150",5,,,"10,959"
147,Curaçao,12281,,123.0,,12137,,21,4.0,74556.0,747.0,115182.0,699255.0,"164,721 ",North America,13,"1,339",1,,,127
148,Martinique,12110,,98.0,,98,,11914,5.0,32294.0,261.0,186858.0,498299.0,"374,992 ",North America,31,"3,826",2,,,"31,771"
149,Congo,12026,,157.0,,11110,,759,,2131.0,28.0,155793.0,27601.0,"5,644,400 ",Africa,469,"35,952",36,,,134
150,Bahamas,12024,,232.0,,11026,,766,3.0,30306.0,585.0,100093.0,252279.0,"396,755 ",North America,33,"1,710",4,,,"1,931"
151,Hong Kong,11869,,210.0,,11584,,75,1.0,1571.0,28.0,16710131.0,2212140.0,"7,553,829 ",Asia,636,"35,971",0,,,10
152,Taiwan,11694,,308.0,,1133,,10253,,490.0,13.0,1197200.0,50182.0,"23,857,131 ",Asia,"2,040","77,458",20,,,430
153,Djibouti,11566,,154.0,,11394,,18,,11550.0,154.0,162308.0,162080.0,"1,001,404 ",Africa,87,"6,503",6,,,18
154,Aruba,11064,,107.0,,10911,,46,14.0,103219.0,998.0,169163.0,1578160.0,"107,190 ",North America,10,"1,002",1,,,429
155,Lesotho,10839,,326.0,,6438,,4075,,5022.0,151.0,96354.0,44647.0,"2,158,122 ",Africa,199,"6,620",22,,,"1,888"
156,South Sudan,10688,,115.0,,10514,,59,,944.0,10.0,164472.0,14534.0,"11,316,260 ",Africa,"1,059","98,402",69,,,5
157,Vietnam,9222,64.0,55.0,,3547,,5620,,94.0,0.6,6282417.0,64004.0,"98,156,958 ",Asia,"10,644","1,784,672",16,0.7,,57
158,Equatorial Guinea,8640,,118.0,,8303,,219,7.0,5976.0,82.0,123169.0,85195.0,"1,445,738 ",Africa,167,"12,252",12,,,151
159,Benin,8082,,102.0,,7893,,87,5.0,651.0,8.0,604310.0,48663.0,"12,418,359 ",Africa,"1,537","121,749",21,,,7
160,Timor-Leste,7764,,17.0,,5515,,2232,,5786.0,13.0,92122.0,68653.0,"1,341,840 ",Asia,173,"78,932",15,,,"1,663"
161,Nicaragua,7662,,188.0,,4225,,3249,,1144.0,28.0,,,"6,698,140 ",North America,874,"35,628",,,,485
162,CAR,7101,,98.0,,6859,,144,2.0,1447.0,20.0,54814.0,11168.0,"4,908,039 ",Africa,691,"50,082",90,,,29
163,Yemen,6823,,1336.0,,3638,,1849,23.0,224.0,44.0,74960.0,2463.0,"30,437,374 ",Asia,"4,461","22,782",406,,,61
164,Iceland,6612,,30.0,,6530,,52,2.0,19259.0,87.0,689619.0,2008712.0,"343,314 ",Europe,52,"11,444",0,,,151
165,Gambia,6002,,179.0,,5800,,23,3.0,2420.0,72.0,81795.0,32985.0,"2,479,738 ",Africa,413,"13,853",30,,,9
166,Niger,5440,,192.0,,5135,,113,2.0,217.0,8.0,110321.0,4410.0,"25,018,504 ",Africa,"4,599","130,305",227,,,5
167,Saint Lucia,5148,,80.0,,4930,,138,,27916.0,434.0,49557.0,268730.0,"184,412 ",North America,36,"2,305",4,,,748
168,San Marino,5090,,90.0,,4998,,2,,149715.0,2647.0,66865.0,1966733.0,"33,998 ",Europe,7,378,1,,,59
169,Chad,4942,,174.0,,4762,,6,,293.0,10.0,122175.0,7245.0,"16,863,631 ",Africa,"3,412","96,917",138,,,0.4
170,Burundi,4925,,8.0,,773,,4144,,403.0,0.7,309390.0,25319.0,"12,219,587 ",Africa,"2,481","1,527,448",39,,,339
171,Eritrea,4597,,14.0,,4054,,529,,1280.0,4.0,23693.0,6596.0,"3,592,221 ",Africa,781,"256,587",152,,,147
172,Gibraltar,4302,,94.0,,4199,,9,,127724.0,2791.0,261016.0,7749421.0,"33,682 ",Europe,8,358,0,,,267
173,Sierra Leone,4219,,82.0,,3161,,976,,519.0,10.0,153646.0,18903.0,"8,128,050 ",Africa,"1,927","99,123",53,,,120
174,Channel Islands,4076,,86.0,,3956,,34,,23244.0,490.0,454413.0,2591315.0,"175,360 ",Europe,43,"2,039",0,,,194
175,Barbados,4032,,47.0,,3922,,63,,14014.0,163.0,173740.0,603885.0,"287,704 ",North America,71,"6,121",2,,,219
176,Comoros,3890,,146.0,,3736,,8,,4386.0,165.0,,,"886,846 ",Africa,228,"6,074",,,,9
177,Guinea-Bissau,3790,,68.0,,3535,,187,4.0,1884.0,34.0,69498.0,34554.0,"2,011,272 ",Africa,531,"29,578",29,,,93
178,Liechtenstein,3022,,58.0,,2944,,20,3.0,79048.0,1517.0,45301.0,1184959.0,"38,230 ",Europe,13,659,1,,,523
179,New Zealand,2696,4.0,26.0,,2646,2,24,,539.0,5.0,2175651.0,434948.0,"5,002,100 ",Australia/Oceania,"1,855","192,388",2,0.8,,5
180,Monaco,2511,,33.0,,2469,,9,1.0,63566.0,835.0,51953.0,1315199.0,"39,502 ",Europe,16,"1,197",1,,,228
181,Bermuda,2497,,33.0,,2455,,9,7.0,40234.0,532.0,284965.0,4591618.0,"62,062 ",North America,25,"1,881",0,,,145
182,Sint Maarten,2495,,30.0,,2390,,75,2.0,57580.0,692.0,28642.0,661005.0,"43,331 ",North America,17,"1,444",2,,,"1,731"
183,Turks and Caicos,2421,,18.0,,2387,,16,2.0,61751.0,459.0,94789.0,2417717.0,"39,206 ",North America,16,"2,178",0,,,408
184,Sao Tome and Principe,2353,,37.0,,2304,,12,,10554.0,166.0,14270.0,64005.0,"222,951 ",Africa,95,"6,026",16,,,54
185,Liberia,2290,,88.0,,2055,,147,2.0,443.0,17.0,109435.0,21174.0,"5,168,272 ",Africa,"2,257","58,730",47,,,28
186,St. Vincent Grenadines,2092,,12.0,,1856,,224,2.0,18801.0,108.0,50891.0,457365.0,"111,270 ",North America,53,"9,273",2,,,"2,013"
187,Saint Martin,2040,,12.0,,1399,,629,7.0,51934.0,305.0,27588.0,702324.0,"39,281 ",North America,19,"3,273",1,,,"16,013"
188,Laos,1971,1.0,3.0,,1795,22,173,,267.0,0.4,263648.0,35753.0,"7,374,054 ",Asia,"3,741","2,458,018",28,0.1,,23
189,Bhutan,1724,,1.0,,1416,,307,,2212.0,1.0,798573.0,1024412.0,"779,543 ",Asia,452,"779,543",1,,,394
190,Caribbean Netherlands,1616,,17.0,,1580,,19,,61094.0,643.0,8550.0,323239.0,"26,451 ",North America,16,"1,556",3,,,718
191,Isle of Man,1598,,29.0,,1562,,7,1.0,18700.0,339.0,64093.0,750029.0,"85,454 ",Europe,53,"2,947",1,,,82
192,Mauritius,1458,,18.0,,1206,,234,,1145.0,14.0,358675.0,281591.0,"1,273,744 ",Africa,874,"70,764",4,,,184
193,Antigua and Barbuda,1263,,42.0,,1214,,7,,12798.0,426.0,16700.0,169222.0,"98,687 ",North America,78,"2,350",6,,,71
194,St. Barth,1005,,1.0,,462,,542,,101464.0,101.0,26385.0,2663806.0,"9,905 ",North America,10,"9,905",0,,,"54,720"
195,Fiji,845,,4.0,,234,,607,2.0,936.0,4.0,129205.0,143161.0,"902,518 ",Australia/Oceania,"1,068","225,630",7,,,673
196,Faeroe Islands,747,,1.0,,709,,37,,15233.0,20.0,288060.0,5874340.0,"49,037 ",Europe,66,"49,037",0,,,755
197,Diamond Princess,712,,13.0,,699,,0,,,,,, ,,,,,,,
198,Cayman Islands,592,,2.0,,576,,14,,8910.0,30.0,100199.0,1508044.0,"66,443 ",North America,112,"33,222",1,,,211
199,Tanzania,509,,21.0,,183,,305,7.0,8.0,0.3,,,"61,314,576 ",Africa,"120,461","2,919,742",,,,5
200,Wallis and Futuna,445,,7.0,,438,,0,,40257.0,633.0,20508.0,1855256.0,"11,054 ",Australia/Oceania,25,"1,579",1,,,
201,British Virgin Islands,248,,1.0,,209,,38,,8153.0,33.0,39777.0,1307637.0,"30,419 ",North America,123,"30,419",1,,,"1,249"
202,Brunei ,246,,3.0,,231,,12,,557.0,7.0,129279.0,292889.0,"441,393 ",Asia,"1,794","147,131",3,,,27
203,Dominica,188,,,,188,,0,,2606.0,,17381.0,240891.0,"72,153 ",North America,384,,4,,,
204,Grenada,161,,1.0,,160,,0,,1425.0,9.0,28684.0,253816.0,"113,011 ",North America,702,"113,011",4,,,
205,New Caledonia,128,,,,58,,70,,444.0,,33057.0,114757.0,"288,062 ",Australia/Oceania,"2,250",,9,,,243
206,Anguilla,109,,,,109,,0,,7205.0,,22201.0,1467544.0,"15,128 ",North America,139,,1,,,
207,Saint Kitts and Nevis,83,,,,51,,32,,1550.0,,16831.0,314299.0,"53,551 ",North America,645,,3,,,598
208,Falkland Islands,63,,,,63,,0,,17627.0,,7307.0,2044488.0,"3,574 ",South America,57,,0,,,
209,Macao,51,,,,49,,2,,78.0,,4483.0,6817.0,"657,595 ",Asia,"12,894",,147,,,3
210,Greenland,43,,,,34,,9,,756.0,,26225.0,461204.0,"56,862 ",North America,"1,322",,2,,,158
211,Vatican City,27,,,,27,,0,,33624.0,,,,803,Europe,30,,,,,
212,Saint Pierre Miquelon,25,,,,25,,0,,4335.0,,5736.0,994625.0,"5,767 ",North America,231,,1,,,
213,Montserrat,20,,1.0,,19,,0,,4004.0,200.0,1408.0,281882.0,"4,995 ",North America,250,"4,995",4,,,
214,Solomon Islands,20,,,,20,,0,,28.0,,4500.0,6405.0,"702,550 ",Australia/Oceania,"35,128",,156,,,
215,Western Sahara,10,,1.0,,8,,1,,16.0,2.0,,,"610,997 ",Africa,"61,100","610,997",,,,2
216,MS Zaandam,9,,2.0,,7,,0,,,,,, ,,,,,,,
217,Vanuatu,4,,1.0,,3,,0,,13.0,3.0,23000.0,73290.0,"313,822 ",Australia/Oceania,"78,456","313,822",14,,,
218,Marshall Islands,4,,,,4,,0,,67.0,,,,"59,563 ",Australia/Oceania,"14,891",,,,,
219,Samoa,3,,,,3,,0,,15.0,,,,"199,647 ",Australia/Oceania,"66,549",,,,,
220,Saint Helena,2,,,,2,,0,,328.0,,,,"6,094 ",Africa,"3,047",,,,,
221,Micronesia,1,,,,1,,0,,9.0,,,,"116,149 ",Australia/Oceania,"116,149",,,,,
222,China,91316,16.0,4636.0,,86267,12,413,10.0,63.0,3.0,160000000.0,111163.0,"1,439,323,776 ",Asia,"15,762","310,467",9,0.01,,0.3
,Total:,40032365,3868.0,903946.0,301.0,33056722,"+2,391",6071697,12721.0,,,,,,North America, ,,,,,
,Total:,52767185,9072.0,718351.0,153.0,49567919,"+18,557",2480915,28165.0,,,,,,Asia, ,,,,,
,Total:,29920354,2981.0,924718.0,95.0,27096855,"+2,369",1898781,30721.0,,,,,,South America, ,,,,,
,Total:,46969659,904.0,1081235.0,10.0,44186060,"+10,946",1702364,11745.0,,,,,,Europe, ,,,,,
,Total:,4991358,,133382.0,,4492103,,365873,2403.0,,,,,,Africa, ,,,,,
,Total:,69656,10.0,1254.0,,67010,,1392,11.0,,,,,,Australia/Oceania, ,,,,,
,Total:,721,,15.0,,706,,0,0.0,,,,,,, ,,,,,
,European Union,32321066,904.0,730771.0,10.0,30436862,,1153433,8841.0,72590.74382562083,1641.2580716302105,529251537.0,1188660.1370661191,,Europe,,,,,,
